k,f,viab,rho,x_0,x_1,x_2,g_0
1,6.908752655160891,0.23845266318798797,10.0,1.0,0.0,0.050009987462326044,0.23845266318798797
2,7.395102867567812,0.05413417549275623,10.0,1.0,0.0,0.056463679240549514,0.05413417549275623
3,7.513573036639722,0.014618212897471228,10.0,1.0,0.0,0.05803573562420013,0.014618212897471228
4,7.546084783367941,0.004105082263158755,10.0,1.0,0.0,0.05846715476868287,0.004105082263158755
5,7.555260386231434,0.0011631635249262917,10.0,1.0,0.0,0.0585889117068927,0.0011631635249262917
6,7.557887242078157,0.00032295440180329926,10.0,1.0,0.0,0.058623769135856645,0.00032295440180329926
7,7.558576732361468,0.00010256655422291594,10.0,1.0,0.0,0.058632918423055576,0.00010256655422291594
8,7.558808410058963,2.8528074113243207e-05,10.0,1.0,0.0,0.058635992702480925,2.8528074113243207e-05
